,Train Set,Test Set
count,1440000.0,536256.0
mean,1043.5880180555555,933.1776931167203
std,6891.735848591245,6398.763881188561
min,0.0,0.0
25%,0.0,0.0
50%,5.0,4.0
75%,51.0,42.0
max,174255.0,168452.0
