,Train Set,Test Set
count,480000.0,421344.0
mean,999.6150041666667,978.3817664426217
std,6677.157007879746,6890.276295193
min,0.0,0.0
25%,0.0,0.0
50%,4.0,3.0
75%,49.0,39.0
max,170497.0,174255.0
