,Train Set,Test Set
count,800000.0,574560.0
mean,1065.35542875,894.833578738513
std,7063.7533036762825,6177.238491385768
min,0.0,0.0
25%,0.0,0.0
50%,4.0,3.0
75%,51.0,40.0
max,174255.0,168452.0
