,Train Set,Test Set
count,480000.0,480000.0
mean,519.0901480476123,462.4371208599551
std,3255.900897006267,2786.432571864772
min,0.0,0.0
25%,0.0,0.0
50%,92.495183044316,87.1134020618557
75%,268.73980250973426,252.141453831041
max,159800.0,163700.0
