,Train Set,Test Set
count,1440000.0,1440000.0
mean,518.1581319030763,487.9052548791393
std,3006.6981483596783,3060.3772773851038
min,0.0,0.0
25%,21.1864406779661,0.0
50%,99.3642896627971,90.613154960981
75%,274.834437086093,262.536115569823
max,184200.0,181600.0
