,Train Set,Test Set
count,800000.0,800000.0
mean,528.1891241898082,492.6958069567199
std,3406.3796294619924,3145.9402552825836
min,0.0,0.0
25%,18.1910055583628,0.0
50%,98.02602795496699,90.9543010752688
75%,273.7627699841698,263.827586206897
max,163200.0,165900.0
