,Train Set,Test Set
count,1440000.0,1440000.0
mean,10.807636293221458,10.810130041742562
std,15.867922623968662,15.69641948550406
min,-31.46199989318848,-31.46199989318848
25%,0.975000023841858,1.065999984741211
50%,4.822999954223633,4.882999897003174
75%,14.401000022888184,14.491000175476074
max,107.89299774169922,107.89299774169922
