,Train Set,Test Set
count,480000.0,480000.0
mean,10.780252181804476,10.914952856171146
std,15.917423447883746,15.70507394217301
min,-31.46199989318848,-31.46199989318848
25%,1.0049999952316284,1.065999984741211
50%,4.734000205993652,4.939000129699707
75%,14.468000411987305,14.638500213623049
max,107.89299774169922,107.89299774169922
