,Train Set,Test Set
count,800000.0,800000.0
mean,10.857495777428197,10.876790738555314
std,16.063027281598153,15.73443131361798
min,-31.46199989318848,-31.46199989318848
25%,1.0049999952316284,1.0360000133514404
50%,4.85099983215332,4.90399980545044
75%,14.468000411987305,14.562000274658203
max,107.89299774169922,107.89299774169922
