,Train Set,Test Set
count,800000.0,800000.0
mean,18687.232670528374,18723.766861265383
std,96543.78132594518,106316.63459579463
min,-333521.0,-333521.0
25%,19.9,20.01235
50%,102.2,99.9508
75%,1809.0,1772.0
max,2841761.0,2841761.0
