,Train Set,Test Set
count,1440000.0,1440000.0
mean,17484.378150874094,17131.580187860895
std,85498.28882441508,87170.61946071139
min,-333521.0,-333521.0
25%,19.792,19.7423
50%,102.3,100.2504
75%,1737.8,1689.8799999999999
max,2841761.0,2841761.0
