,Train Set,Test Set
count,480000.0,480000.0
mean,19015.431197244172,18789.723329345212
std,101583.65529371245,109597.845056111
min,-333521.0,-333521.0
25%,19.9,19.669
50%,102.15950000000001,99.2
75%,1834.0,1733.0
max,2841761.0,2841761.0
