,Train Set,Test Set
count,1440000.0,1440000.0
mean,51936.099266666664,52493.58587152778
std,298382.9590387199,297372.12939482514
min,0.0,0.0
25%,93.0,89.0
50%,1631.0,1596.0
75%,7706.0,7686.0
max,8100293.0,8100293.0
