,Train Set,Test Set
count,800000.0,800000.0
mean,49078.7254925,50202.61793125
std,272940.401756836,280438.9214230147
min,0.0,0.0
25%,88.0,92.0
50%,1555.0,1568.0
75%,7564.0,7522.0
max,6384285.0,8100293.0
