,Train Set,Test Set
count,480000.0,480000.0
mean,4971.033797244861,4344.991084811984
std,3736.924650164574,3213.4534057550313
min,99.4666,37.47
25%,1972.9337635,1671.2955
50%,3920.0,3420.925
75%,7260.0,6480.89078225
max,57430.0,58040.2
