,Train Set,Test Set
count,1440000.0,1440000.0
mean,5075.412711593475,4424.418767760534
std,3856.4518876123943,3232.459165155519
min,53.8184,63.29
25%,1869.52142975,1716.0
50%,4070.0,3450.0
75%,7517.0,6633.0
max,57430.0,70532.915360502
