,Train Set,Test Set
count,800000.0,800000.0
mean,5076.222258456174,4398.930500857611
std,3769.4119998361152,3197.262616379044
min,53.8184,35.634
25%,1935.930586,1707.0
50%,4100.0,3480.0256
75%,7515.9991,6580.0
max,71968.0,64678.0
