,Train Set,Test Set
count,800000.0,800000.0
mean,18.433618680068356,18.33305403187572
std,9.807528895745936,9.749321657731167
min,0.0,0.0
25%,11.9047619047619,11.8358758548133
50%,16.4518674381904,16.3690476190476
75%,23.3692793266702,23.23776959495
max,95.9626512361915,95.9626512361915
