,Train Set,Test Set
count,1440000.0,1440000.0
mean,18.492748986485736,18.282578336696627
std,9.794705190650355,9.66521456981517
min,0.0,0.0
25%,11.9805365597054,11.8339002267574
50%,16.5107709750567,16.3548752834467
75%,23.4410430839002,23.17201472909
max,95.9626512361915,95.9626512361915
