,Train Set,Test Set
count,800000.0,800000.0
mean,5830.541000712501,5831.551109900002
std,10950.912456286707,10959.277546882679
min,-1417.69,-1949.25
25%,82.38,81.85
50%,864.125,861.71
75%,5296.35,5295.48
max,55575.02,55575.02
