,Train Set,Test Set
count,800000.0,800000.0
mean,31.99936125,31.77970125
std,23.391283093968028,23.540949851931387
min,1.0,1.0
25%,8.0,8.0
50%,35.0,33.0
75%,51.0,51.0
max,90.0,90.0
