,Train Set,Test Set
count,480000.0,480000.0
mean,31.93190625,31.7468125
std,23.347304557682673,23.538918934210034
min,1.0,1.0
25%,8.0,8.0
50%,35.0,33.0
75%,51.0,51.0
max,90.0,90.0
